Degree,Major,Specialization,CGPA,Skills,Certifications,Experience,Preferred_Industry,Job_Role
BBA,Marketing,Media Studies,7.05,"Creativity, Social Media Marketing, SEO, WordPress",Copywriting Certification,1.9,EdTech,Content Strategist
MBA,Business Administration,Brand Communication,8.57,"WordPress, Content Writing, Research, Creativity, Communication, Analytics","HubSpot Content Marketing, Google Digital Marketing",4.6,Media,Content Strategist
BBA,Digital Media,SEO Strategy,6.61,"Copywriting, Analytics, Communication, SEO","SEO Certification, Social Media Strategy",2.2,IT Services,Content Strategist
BBA,Digital Media,Digital Marketing,9.77,"Communication, WordPress, Creativity, Content Writing",HubSpot Content Marketing,4.0,Media,Content Strategist
B.Tech,Marketing,Media Studies,8.72,"Communication, SEO, Social Media Marketing, Analytics, WordPress, Branding, Content Writing","Social Media Strategy, Copywriting Certification",1.5,Media,Content Strategist
MA,Journalism,Copywriting,9.91,"Research, Branding, Social Media Marketing, WordPress","SEO Certification, Copywriting Certification, Social Media Strategy",5.0,Media,Content Strategist
BA,Journalism,Digital Marketing,8.72,"Content Writing, Social Media Marketing, Communication, Branding, SEO, Creativity, Analytics",HubSpot Content Marketing,1.2,E-commerce,Content Strategist
MA,Computer Science,Content Marketing,7.89,"Social Media Marketing, Research, SEO, Branding",Social Media Strategy,1.4,Advertising,Content Strategist
B.Tech,Digital Media,Media Studies,7.79,"WordPress, Copywriting, SEO, Content Writing, Research, Analytics",SEO Certification,0.3,Digital Marketing,Content Strategist
MA,English,Brand Communication,9.93,"Content Writing, WordPress, Creativity, Copywriting, Analytics, Branding",SEO Certification,4.5,Advertising,Content Strategist
BBA,Marketing,Digital Marketing,9.28,"Research, Social Media Marketing, Analytics, Copywriting, Content Writing, Creativity, WordPress","Google Digital Marketing, SEO Certification, HubSpot Content Marketing",4.7,IT Services,Content Strategist
MA,Computer Science,Digital Marketing,9.84,"Social Media Marketing, Copywriting, SEO, Communication, Research, Creativity",Copywriting Certification,1.6,Advertising,Content Strategist
BA,Journalism,Brand Communication,9.01,"Copywriting, Content Writing, Creativity, Branding, Analytics, Communication, SEO","Social Media Strategy, Google Digital Marketing, HubSpot Content Marketing",4.9,Digital Marketing,Content Strategist
MBA,Computer Science,Brand Communication,8.03,"Analytics, WordPress, SEO, Content Writing, Copywriting, Branding",SEO Certification,0.5,E-commerce,Content Strategist
MBA,English,Brand Communication,7.51,"Research, Branding, WordPress, Copywriting","Google Digital Marketing, HubSpot Content Marketing",3.8,Digital Marketing,Content Strategist
MBA,Journalism,Brand Communication,8.02,"Content Writing, WordPress, Creativity, Communication, Research, SEO, Copywriting",Google Digital Marketing,4.7,IT Services,Content Strategist
MA,Communication,Content Marketing,7.16,"SEO, Creativity, Branding, Social Media Marketing, Analytics, Communication","Social Media Strategy, HubSpot Content Marketing, SEO Certification",2.0,Public Relations,Content Strategist
MBA,Marketing,Content Marketing,9.68,"Communication, Content Writing, WordPress, SEO, Branding, Social Media Marketing, Copywriting",SEO Certification,0.7,Advertising,Content Strategist
BBA,Digital Media,Media Studies,6.99,"Branding, Social Media Marketing, Communication, Copywriting, Content Writing, Creativity","HubSpot Content Marketing, Copywriting Certification",4.2,EdTech,Content Strategist
BBA,Marketing,Content Marketing,9.46,"WordPress, Analytics, Creativity, Content Writing, Branding, SEO","SEO Certification, Google Digital Marketing, Copywriting Certification",4.8,IT Services,Content Strategist
B.Tech,English,Brand Communication,8.68,"Analytics, WordPress, Branding, Creativity","Copywriting Certification, HubSpot Content Marketing",0.6,Digital Marketing,Content Strategist
BBA,Marketing,SEO Strategy,9.76,"Research, Branding, Copywriting, Social Media Marketing, SEO, Creativity","HubSpot Content Marketing, Social Media Strategy",3.0,EdTech,Content Strategist
MBA,English,Digital Marketing,8.3,"Research, Communication, WordPress, Social Media Marketing","Social Media Strategy, SEO Certification",0.3,Media,Content Strategist
MA,Journalism,Brand Communication,9.08,"Analytics, Research, WordPress, Branding, Content Writing, Copywriting, Communication","SEO Certification, Google Digital Marketing, Social Media Strategy",1.3,EdTech,Content Strategist
MA,Computer Science,SEO Strategy,7.68,"Creativity, Social Media Marketing, Copywriting, WordPress, SEO, Content Writing","HubSpot Content Marketing, Social Media Strategy",3.9,E-commerce,Content Strategist
MA,Marketing,SEO Strategy,9.18,"Research, Copywriting, Content Writing, Social Media Marketing, Communication, SEO, Branding","Social Media Strategy, Google Digital Marketing",2.4,E-commerce,Content Strategist
BBA,Communication,Content Marketing,7.81,"Research, Branding, WordPress, Communication, Social Media Marketing","Google Digital Marketing, Copywriting Certification, SEO Certification",0.3,Public Relations,Content Strategist
MBA,Communication,SEO Strategy,6.89,"Branding, Content Writing, WordPress, Social Media Marketing, Copywriting","Social Media Strategy, SEO Certification",3.1,EdTech,Content Strategist
BA,Journalism,Copywriting,7.31,"Social Media Marketing, Content Writing, Copywriting, SEO, Analytics","SEO Certification, Social Media Strategy",2.0,Digital Marketing,Content Strategist
MA,Journalism,Brand Communication,8.22,"Creativity, Analytics, Social Media Marketing, Research, Branding, Copywriting","HubSpot Content Marketing, SEO Certification",2.0,Digital Marketing,Content Strategist
BA,Journalism,Media Studies,8.82,"Copywriting, Communication, Analytics, Content Writing, Research, WordPress",Google Digital Marketing,2.1,Digital Marketing,Content Strategist
BA,Digital Media,SEO Strategy,9.38,"Social Media Marketing, Research, Copywriting, Creativity, Branding, Communication, Analytics",Social Media Strategy,3.8,Digital Marketing,Content Strategist
BA,Communication,Copywriting,6.83,"Branding, Content Writing, Communication, Creativity, SEO, Analytics, Social Media Marketing","SEO Certification, Copywriting Certification",1.0,IT Services,Content Strategist
BA,Journalism,Media Studies,9.92,"Communication, Content Writing, Analytics, WordPress, Creativity",HubSpot Content Marketing,3.9,IT Services,Content Strategist
BBA,English,Content Marketing,8.67,"Copywriting, Branding, SEO, Analytics, Creativity, WordPress","Social Media Strategy, Copywriting Certification",2.7,EdTech,Content Strategist
BA,Computer Science,Copywriting,7.67,"Content Writing, Communication, Research, WordPress, Social Media Marketing, SEO, Branding",HubSpot Content Marketing,1.5,E-commerce,Content Strategist
B.Tech,Computer Science,Media Studies,9.59,"Research, SEO, Content Writing, Branding","Copywriting Certification, HubSpot Content Marketing",2.0,Advertising,Content Strategist
MBA,Business Administration,Digital Marketing,9.28,"Research, Copywriting, Social Media Marketing, Branding, Communication, Content Writing, Creativity","HubSpot Content Marketing, Google Digital Marketing, Social Media Strategy",2.1,Advertising,Content Strategist
BBA,Marketing,SEO Strategy,8.17,"Research, Communication, Content Writing, Branding","HubSpot Content Marketing, Google Digital Marketing",0.8,Media,Content Strategist
MBA,Digital Media,Copywriting,6.92,"Analytics, Social Media Marketing, Content Writing, Research, Copywriting","Copywriting Certification, SEO Certification",0.3,IT Services,Content Strategist
BA,Communication,Brand Communication,7.41,"WordPress, Research, Branding, Creativity, Social Media Marketing, Analytics","SEO Certification, HubSpot Content Marketing",2.1,IT Services,Content Strategist
B.Tech,Digital Media,Brand Communication,6.86,"Communication, WordPress, Content Writing, SEO, Social Media Marketing, Creativity, Copywriting","Google Digital Marketing, SEO Certification, Social Media Strategy",2.5,Media,Content Strategist
B.Tech,Digital Media,Brand Communication,7.44,"Communication, Content Writing, Social Media Marketing, Copywriting, Creativity, SEO, Analytics","Copywriting Certification, Google Digital Marketing, HubSpot Content Marketing",4.4,E-commerce,Content Strategist
B.Tech,Marketing,Content Marketing,9.35,"WordPress, Research, Communication, Analytics, Creativity, Copywriting, Branding",Social Media Strategy,1.5,EdTech,Content Strategist
B.Tech,Journalism,Content Marketing,7.49,"Social Media Marketing, Communication, Content Writing, Research, WordPress, Branding","Social Media Strategy, HubSpot Content Marketing",3.5,Media,Content Strategist
BA,Communication,Media Studies,7.36,"WordPress, Research, Creativity, Social Media Marketing, Branding, Communication, Content Writing",Google Digital Marketing,0.7,IT Services,Content Strategist
MBA,Communication,Copywriting,7.87,"Branding, WordPress, Research, Creativity, Copywriting, Social Media Marketing","Social Media Strategy, HubSpot Content Marketing",1.7,E-commerce,Content Strategist
B.Tech,Computer Science,Digital Marketing,9.66,"Research, Branding, Copywriting, Communication, Content Writing, Creativity",Social Media Strategy,0.3,Media,Content Strategist
BA,Journalism,Digital Marketing,7.59,"Research, WordPress, Social Media Marketing, Creativity","Copywriting Certification, SEO Certification",3.0,IT Services,Content Strategist
BBA,Journalism,Media Studies,8.13,"Branding, Communication, Creativity, Research, SEO","SEO Certification, Google Digital Marketing",3.9,Advertising,Content Strategist
BA,Digital Media,Media Studies,9.15,"Branding, Social Media Marketing, WordPress, SEO, Communication","HubSpot Content Marketing, Google Digital Marketing, Copywriting Certification",3.7,Digital Marketing,Content Strategist
BBA,English,Brand Communication,8.29,"Content Writing, Social Media Marketing, Research, WordPress, Analytics, SEO, Creativity",Copywriting Certification,2.3,Digital Marketing,Content Strategist
B.Tech,Marketing,Copywriting,7.36,"Content Writing, Copywriting, Research, Communication, SEO","Copywriting Certification, Google Digital Marketing",4.2,EdTech,Content Strategist
B.Tech,English,Brand Communication,8.28,"Research, Creativity, Analytics, Social Media Marketing, Branding","Copywriting Certification, HubSpot Content Marketing",0.1,IT Services,Content Strategist
BBA,Digital Media,Brand Communication,7.12,"Research, Social Media Marketing, Creativity, Analytics, WordPress, Copywriting, Branding","SEO Certification, Google Digital Marketing",4.2,Public Relations,Content Strategist
MBA,Communication,Copywriting,6.78,"Communication, Analytics, SEO, Branding, Social Media Marketing, Content Writing","Copywriting Certification, Google Digital Marketing",2.4,EdTech,Content Strategist
MBA,Computer Science,SEO Strategy,6.65,"WordPress, Communication, Analytics, Copywriting, Content Writing, Research","HubSpot Content Marketing, Google Digital Marketing, Copywriting Certification",2.3,E-commerce,Content Strategist
BBA,Communication,Brand Communication,8.4,"WordPress, Research, SEO, Communication, Analytics","SEO Certification, Copywriting Certification, Google Digital Marketing",3.7,Digital Marketing,Content Strategist
B.Tech,Marketing,Content Marketing,7.91,"Social Media Marketing, Communication, Content Writing, Branding, Research, SEO","HubSpot Content Marketing, SEO Certification",2.1,IT Services,Content Strategist
MBA,English,Brand Communication,7.31,"Branding, Copywriting, Communication, Research",Social Media Strategy,2.7,Public Relations,Content Strategist
MA,Journalism,Media Studies,6.71,"Research, Branding, WordPress, Content Writing, Creativity",HubSpot Content Marketing,3.5,EdTech,Content Strategist
MBA,Communication,Brand Communication,7.35,"SEO, Creativity, Research, Communication, Branding, Copywriting",HubSpot Content Marketing,0.7,Digital Marketing,Content Strategist
B.Tech,Communication,Brand Communication,9.93,"Social Media Marketing, Research, Content Writing, Analytics, Creativity, WordPress","Social Media Strategy, SEO Certification",4.9,Advertising,Content Strategist
MBA,Digital Media,Copywriting,6.92,"WordPress, Content Writing, Branding, SEO, Social Media Marketing, Research, Communication","Copywriting Certification, SEO Certification",3.4,EdTech,Content Strategist
B.Tech,Digital Media,SEO Strategy,7.52,"Social Media Marketing, Communication, Branding, WordPress, Copywriting, Analytics, Content Writing","HubSpot Content Marketing, Google Digital Marketing",2.2,Advertising,Content Strategist
MBA,Digital Media,Content Marketing,8.13,"Content Writing, Analytics, Branding, SEO",Copywriting Certification,3.0,Digital Marketing,Content Strategist
BA,Marketing,Media Studies,7.52,"SEO, Social Media Marketing, Research, Copywriting",Google Digital Marketing,1.6,IT Services,Content Strategist
MBA,Marketing,SEO Strategy,9.81,"SEO, Analytics, Content Writing, Social Media Marketing, Creativity, Research, Communication",Google Digital Marketing,4.9,E-commerce,Content Strategist
MBA,Communication,Media Studies,9.72,"Communication, WordPress, Creativity, SEO, Social Media Marketing, Analytics, Branding","Copywriting Certification, SEO Certification, Social Media Strategy",2.5,IT Services,Content Strategist
B.Tech,Computer Science,Copywriting,7.57,"Research, Communication, WordPress, Branding, Content Writing, Copywriting","SEO Certification, Google Digital Marketing",4.5,Advertising,Content Strategist
BBA,Journalism,SEO Strategy,8.89,"Research, Branding, WordPress, Creativity, Analytics, SEO, Content Writing","HubSpot Content Marketing, Social Media Strategy, SEO Certification",2.9,Public Relations,Content Strategist
BBA,Journalism,Brand Communication,9.49,"Communication, Content Writing, Research, Social Media Marketing, Branding","Copywriting Certification, HubSpot Content Marketing",1.9,Digital Marketing,Content Strategist
MBA,Marketing,Content Marketing,9.08,"Branding, Social Media Marketing, SEO, Creativity, WordPress, Communication, Research","SEO Certification, Copywriting Certification",0.8,E-commerce,Content Strategist
MBA,Marketing,Media Studies,6.53,"Branding, Copywriting, SEO, Research","HubSpot Content Marketing, SEO Certification, Social Media Strategy",4.2,Public Relations,Content Strategist
BBA,Communication,Media Studies,6.66,"Analytics, Branding, Content Writing, SEO","Social Media Strategy, SEO Certification, HubSpot Content Marketing",0.1,E-commerce,Content Strategist
BBA,Marketing,SEO Strategy,6.67,"WordPress, Copywriting, Research, Analytics, Content Writing, Branding, Social Media Marketing","Copywriting Certification, HubSpot Content Marketing",4.2,EdTech,Content Strategist
MBA,Digital Media,Media Studies,9.03,"Content Writing, Branding, Copywriting, SEO, Research, Communication, Creativity","Social Media Strategy, HubSpot Content Marketing",4.3,EdTech,Content Strategist
BBA,Journalism,Digital Marketing,8.75,"Communication, Content Writing, Social Media Marketing, Creativity, SEO, Copywriting, Analytics","Social Media Strategy, SEO Certification",3.3,IT Services,Content Strategist
MA,Business Administration,Content Marketing,8.76,"SEO, Analytics, Content Writing, WordPress, Communication, Copywriting, Research","Copywriting Certification, Social Media Strategy",4.8,Digital Marketing,Content Strategist
BA,Marketing,Copywriting,8.25,"SEO, Branding, Content Writing, Creativity",Copywriting Certification,4.8,Public Relations,Content Strategist
BA,Marketing,Media Studies,9.53,"WordPress, SEO, Branding, Content Writing",SEO Certification,1.4,E-commerce,Content Strategist
MBA,Digital Media,SEO Strategy,9.38,"Analytics, Social Media Marketing, Copywriting, SEO, Communication, WordPress, Branding",Copywriting Certification,2.9,Media,Content Strategist
B.Tech,Marketing,SEO Strategy,8.86,"Communication, Branding, Research, Social Media Marketing, WordPress, SEO, Analytics","Google Digital Marketing, Copywriting Certification",1.2,IT Services,Content Strategist
B.Tech,English,Brand Communication,8.13,"Copywriting, SEO, Analytics, WordPress, Branding",SEO Certification,2.1,Media,Content Strategist
BA,Communication,Brand Communication,7.17,"SEO, Content Writing, Social Media Marketing, Copywriting, Creativity",Social Media Strategy,1.5,Digital Marketing,Content Strategist
B.Tech,English,Brand Communication,7.0,"Branding, WordPress, Analytics, Research","HubSpot Content Marketing, Google Digital Marketing, Copywriting Certification",0.5,IT Services,Content Strategist
MA,Communication,Media Studies,6.72,"Copywriting, Content Writing, Analytics, Creativity, Social Media Marketing, WordPress","Google Digital Marketing, HubSpot Content Marketing",1.0,EdTech,Content Strategist
MBA,Digital Media,SEO Strategy,7.92,"Communication, Analytics, Research, Social Media Marketing, SEO","Google Digital Marketing, HubSpot Content Marketing",2.6,Digital Marketing,Content Strategist
MBA,Communication,Brand Communication,8.03,"Research, Communication, SEO, Analytics, Branding, WordPress, Creativity","Copywriting Certification, SEO Certification",1.5,Digital Marketing,Content Strategist
BA,Marketing,Content Marketing,7.25,"Research, WordPress, Communication, Analytics, Branding",Google Digital Marketing,4.5,IT Services,Content Strategist
B.Tech,Marketing,SEO Strategy,8.1,"Creativity, Analytics, SEO, Content Writing, Research, WordPress","Social Media Strategy, HubSpot Content Marketing",2.2,Digital Marketing,Content Strategist
B.Tech,English,Digital Marketing,9.43,"Research, Social Media Marketing, Copywriting, Creativity, Analytics, SEO","Copywriting Certification, HubSpot Content Marketing",2.5,Media,Content Strategist
MA,Communication,Media Studies,9.88,"Copywriting, Analytics, WordPress, Research","Google Digital Marketing, Copywriting Certification",1.5,E-commerce,Content Strategist
BA,Communication,Brand Communication,9.89,"WordPress, Branding, Social Media Marketing, Creativity, Analytics, Copywriting, Research","Google Digital Marketing, SEO Certification, Copywriting Certification",2.5,Media,Content Strategist
B.Tech,Journalism,Media Studies,8.15,"Research, Branding, Analytics, Communication, Creativity",SEO Certification,1.4,IT Services,Content Strategist
BBA,Marketing,Brand Communication,7.12,"Creativity, Analytics, Research, Communication",Social Media Strategy,1.0,EdTech,Content Strategist
BBA,Computer Science,Brand Communication,9.66,"Communication, Content Writing, Branding, Analytics, Social Media Marketing, WordPress","Social Media Strategy, HubSpot Content Marketing, Copywriting Certification",2.0,IT Services,Content Strategist
MBA,Communication,Media Studies,7.84,"SEO, Creativity, Copywriting, Analytics, Content Writing, Social Media Marketing, WordPress","HubSpot Content Marketing, Social Media Strategy",3.8,E-commerce,Content Strategist
MBA,Marketing,SEO Strategy,8.38,"Analytics, WordPress, Social Media Marketing, Copywriting, Research","Copywriting Certification, HubSpot Content Marketing, Google Digital Marketing",1.0,E-commerce,Content Strategist
BA,Computer Science,Media Studies,7.24,"SEO, Creativity, Analytics, Content Writing, WordPress",Social Media Strategy,3.0,Public Relations,Content Strategist
MA,Journalism,Content Marketing,7.59,"Communication, Creativity, Copywriting, Research","Social Media Strategy, Copywriting Certification, Google Digital Marketing",3.3,Digital Marketing,Content Strategist
B.Tech,English,Content Marketing,8.26,"WordPress, Social Media Marketing, Copywriting, Analytics",Social Media Strategy,1.2,Advertising,Content Strategist
BBA,Communication,Content Marketing,8.89,"Communication, Content Writing, WordPress, Creativity, Social Media Marketing, Copywriting","SEO Certification, Copywriting Certification, Social Media Strategy",2.3,E-commerce,Content Strategist
MA,English,Digital Marketing,8.4,"Creativity, Content Writing, Copywriting, Research, WordPress, Analytics","Copywriting Certification, HubSpot Content Marketing",3.7,Public Relations,Content Strategist
B.Tech,Journalism,SEO Strategy,9.2,"Communication, Copywriting, Research, Branding, SEO, WordPress","Copywriting Certification, SEO Certification",3.9,Media,Content Strategist
MBA,English,Brand Communication,7.26,"Communication, Copywriting, Analytics, Social Media Marketing, Research","HubSpot Content Marketing, Google Digital Marketing, SEO Certification",4.3,IT Services,Content Strategist
MBA,English,Content Marketing,9.16,"Creativity, SEO, Analytics, Research","Social Media Strategy, SEO Certification",1.5,E-commerce,Content Strategist
B.Tech,Computer Science,Content Marketing,8.68,"Social Media Marketing, Content Writing, Research, Branding","Copywriting Certification, SEO Certification",3.5,EdTech,Content Strategist
BA,Digital Media,SEO Strategy,7.35,"Content Writing, Research, Communication, Social Media Marketing",SEO Certification,3.6,Public Relations,Content Strategist
MBA,English,Digital Marketing,8.91,"Communication, Content Writing, Copywriting, Analytics, WordPress",SEO Certification,1.7,E-commerce,Content Strategist
MA,Marketing,Media Studies,8.62,"Communication, Branding, Copywriting, SEO","Social Media Strategy, Google Digital Marketing",2.9,Advertising,Content Strategist
BA,Marketing,Copywriting,7.85,"Analytics, Research, Creativity, WordPress, Content Writing, Copywriting, Branding","Google Digital Marketing, Copywriting Certification",2.8,IT Services,Content Strategist
B.Tech,Business Administration,SEO Strategy,8.87,"Analytics, Research, WordPress, Communication, Social Media Marketing, SEO","Google Digital Marketing, HubSpot Content Marketing, Social Media Strategy",0.9,IT Services,Content Strategist
MBA,Marketing,Brand Communication,7.74,"SEO, Creativity, Communication, Copywriting",HubSpot Content Marketing,1.1,Public Relations,Content Strategist
MA,Journalism,Content Marketing,8.6,"Content Writing, SEO, Copywriting, Communication","HubSpot Content Marketing, Copywriting Certification",1.0,Digital Marketing,Content Strategist
MA,Communication,Content Marketing,9.09,"Communication, SEO, Branding, Content Writing, Analytics, Copywriting, Creativity",HubSpot Content Marketing,4.2,Advertising,Content Strategist
MBA,Computer Science,SEO Strategy,7.94,"Branding, SEO, WordPress, Research","SEO Certification, HubSpot Content Marketing, Copywriting Certification",0.3,Public Relations,Content Strategist
BA,Journalism,Content Marketing,7.43,"Copywriting, Creativity, Content Writing, Research, Communication, Branding, SEO",Social Media Strategy,0.2,Media,Content Strategist
MA,Journalism,Content Marketing,9.68,"WordPress, Communication, SEO, Social Media Marketing, Branding, Analytics, Creativity",HubSpot Content Marketing,2.9,IT Services,Content Strategist
MBA,Communication,SEO Strategy,9.87,"Research, Creativity, Content Writing, Copywriting, Branding","Google Digital Marketing, Social Media Strategy",2.7,EdTech,Content Strategist
B.Tech,Digital Media,SEO Strategy,8.18,"Analytics, Copywriting, Social Media Marketing, Creativity",SEO Certification,1.4,EdTech,Content Strategist
BBA,Computer Science,SEO Strategy,7.1,"Content Writing, SEO, Communication, WordPress","HubSpot Content Marketing, Copywriting Certification",2.3,IT Services,Content Strategist
MA,Marketing,Copywriting,7.1,"Content Writing, Communication, Creativity, Branding, Analytics, Copywriting, Research",Copywriting Certification,3.5,E-commerce,Content Strategist
BBA,English,Brand Communication,7.79,"Social Media Marketing, Branding, Copywriting, Communication, Content Writing","HubSpot Content Marketing, Copywriting Certification, Google Digital Marketing",0.9,Media,Content Strategist
BA,Marketing,Media Studies,7.05,"Copywriting, Research, Social Media Marketing, WordPress, Communication","HubSpot Content Marketing, Copywriting Certification, Social Media Strategy",0.9,Public Relations,Content Strategist
MA,Marketing,Brand Communication,8.17,"Creativity, Communication, SEO, Research, Analytics","SEO Certification, Copywriting Certification, Social Media Strategy",1.3,IT Services,Content Strategist
BA,Journalism,Brand Communication,7.28,"SEO, Content Writing, Communication, Branding, Creativity, Social Media Marketing","HubSpot Content Marketing, Google Digital Marketing",3.7,E-commerce,Content Strategist
BA,Business Administration,Copywriting,8.22,"Social Media Marketing, Analytics, Creativity, Copywriting, Communication, Research",Copywriting Certification,0.5,Digital Marketing,Content Strategist
B.Tech,English,Copywriting,7.11,"Social Media Marketing, Communication, SEO, Copywriting",Copywriting Certification,4.9,IT Services,Content Strategist
BBA,Computer Science,Digital Marketing,9.53,"Content Writing, Copywriting, Social Media Marketing, WordPress","SEO Certification, Copywriting Certification, Social Media Strategy",2.1,IT Services,Content Strategist
BBA,English,Brand Communication,9.85,"Communication, Copywriting, SEO, Analytics, Creativity","HubSpot Content Marketing, SEO Certification, Google Digital Marketing",3.2,IT Services,Content Strategist
MA,Computer Science,Copywriting,7.77,"Branding, Research, WordPress, Content Writing, SEO, Creativity, Social Media Marketing","Social Media Strategy, SEO Certification, Google Digital Marketing",1.7,E-commerce,Content Strategist
BA,English,Copywriting,8.71,"Analytics, Content Writing, WordPress, Social Media Marketing, SEO","Copywriting Certification, HubSpot Content Marketing, Social Media Strategy",1.4,IT Services,Content Strategist
B.Tech,Journalism,Digital Marketing,6.81,"Analytics, Research, SEO, Branding, Creativity, Social Media Marketing","Social Media Strategy, HubSpot Content Marketing, Copywriting Certification",3.8,Digital Marketing,Content Strategist
MBA,Computer Science,SEO Strategy,9.15,"Branding, Creativity, WordPress, Content Writing","Copywriting Certification, Social Media Strategy, Google Digital Marketing",2.1,IT Services,Content Strategist
MBA,Communication,Brand Communication,7.73,"Research, Communication, Copywriting, Social Media Marketing, Creativity","SEO Certification, Social Media Strategy",4.7,Advertising,Content Strategist
MBA,English,Content Marketing,9.44,"Copywriting, Content Writing, Branding, Communication","Social Media Strategy, SEO Certification",2.7,Digital Marketing,Content Strategist
BBA,Journalism,Digital Marketing,9.85,"Copywriting, Analytics, Communication, Branding, SEO, Research","SEO Certification, Google Digital Marketing",3.8,Digital Marketing,Content Strategist
MA,Business Administration,Digital Marketing,6.59,"Branding, Communication, Analytics, Copywriting","SEO Certification, Google Digital Marketing",4.1,Media,Content Strategist
BBA,Digital Media,Copywriting,6.57,"SEO, WordPress, Creativity, Communication, Social Media Marketing, Analytics, Content Writing",Google Digital Marketing,1.7,Digital Marketing,Content Strategist
MBA,English,SEO Strategy,9.45,"Communication, SEO, Branding, Analytics, WordPress","Copywriting Certification, SEO Certification, Social Media Strategy",2.3,Public Relations,Content Strategist
MA,Business Administration,Brand Communication,9.06,"Social Media Marketing, Research, Branding, Content Writing","SEO Certification, Google Digital Marketing",2.0,E-commerce,Content Strategist
B.Tech,English,Media Studies,9.36,"Social Media Marketing, Branding, Analytics, SEO, Content Writing",SEO Certification,3.1,Media,Content Strategist
B.Tech,Journalism,SEO Strategy,8.18,"Communication, Creativity, Research, SEO","Copywriting Certification, HubSpot Content Marketing, SEO Certification",0.6,EdTech,Content Strategist
MA,Communication,Brand Communication,7.86,"Creativity, SEO, WordPress, Communication","Social Media Strategy, SEO Certification, Copywriting Certification",4.9,Advertising,Content Strategist
BA,Digital Media,Copywriting,6.52,"Research, WordPress, Creativity, Copywriting, Content Writing","HubSpot Content Marketing, SEO Certification",1.7,Advertising,Content Strategist
B.Tech,Communication,SEO Strategy,7.55,"WordPress, Content Writing, Research, Copywriting, Branding, Analytics, SEO","Social Media Strategy, HubSpot Content Marketing, SEO Certification",0.9,Media,Content Strategist
B.Tech,Business Administration,SEO Strategy,8.47,"Branding, Social Media Marketing, Research, Copywriting, Analytics, SEO","Social Media Strategy, Copywriting Certification, Google Digital Marketing",0.9,EdTech,Content Strategist
B.Tech,English,Media Studies,7.42,"Content Writing, Research, Copywriting, Creativity, Analytics, Branding, Social Media Marketing",SEO Certification,4.4,Digital Marketing,Content Strategist
BA,Marketing,Content Marketing,8.28,"Social Media Marketing, Communication, Creativity, Branding, WordPress, Content Writing, Analytics","Copywriting Certification, Social Media Strategy",1.7,E-commerce,Content Strategist
M.Ed,Biology,Instructional Design,7.07,"Subject Expertise, Research, Communication, Critical Thinking, Mentoring, Educational Tools, Presentation",NET Qualification,5.1,Research,Academic Instructor/Lecturer
M.Tech,Sociology,Machine Learning,9.63,"Curriculum Development, Research, Mentoring, Critical Thinking, Presentation, Teaching, Subject Expertise",Coursera Teaching Skills,5.5,Education,Academic Instructor/Lecturer
M.Sc,Civil Engineering,Curriculum Design,9.18,"Research, Subject Expertise, Classroom Management, Educational Tools, Critical Thinking, Communication",Teaching Certification,6.3,Research,Academic Instructor/Lecturer
M.Ed,Computer Science,Academic Writing,7.36,"Teaching, Subject Expertise, Curriculum Development, Mentoring, Communication, Classroom Management, Presentation","Teaching Certification, NET Qualification, Educational Technology",9.6,Universities,Academic Instructor/Lecturer
B.Sc,Sociology,Educational Technology,9.17,"Subject Expertise, Educational Tools, Curriculum Development, Classroom Management","NET Qualification, Research Methodology, Coursera Teaching Skills",1.9,Universities,Academic Instructor/Lecturer
M.Tech,Artificial Intelligence,Educational Technology,9.69,"Subject Expertise, Presentation, Classroom Management, Research, Communication",Educational Technology,5.1,Universities,Academic Instructor/Lecturer
M.Sc,Electronics,Higher Education,8.71,"Research, Communication, Curriculum Development, Subject Expertise, Critical Thinking",Teaching Certification,5.3,Training Institutes,Academic Instructor/Lecturer
M.Tech,Civil Engineering,Curriculum Design,7.18,"Research, Communication, Mentoring, Classroom Management, Curriculum Development, Subject Expertise, Presentation",NET Qualification,5.2,Research,Academic Instructor/Lecturer
B.Tech,English,Teaching,7.36,"Mentoring, Curriculum Development, Subject Expertise, Communication","Research Methodology, Teaching Certification, NET Qualification",7.3,Colleges,Academic Instructor/Lecturer
B.Tech,Mechanical Engineering,Instructional Design,6.58,"Classroom Management, Educational Tools, Presentation, Critical Thinking, Research, Curriculum Development, Teaching",NET Qualification,3.5,Colleges,Academic Instructor/Lecturer
M.Sc,Electrical Engineering,Teaching,8.74,"Presentation, Educational Tools, Communication, Mentoring, Subject Expertise","NET Qualification, Research Methodology",6.4,Training Institutes,Academic Instructor/Lecturer
M.Tech,Information Technology,Teaching,8.66,"Classroom Management, Educational Tools, Subject Expertise, Presentation, Mentoring, Curriculum Development, Teaching","Research Methodology, Academic Writing Certification",0.7,Universities,Academic Instructor/Lecturer
M.Sc,Mechanical Engineering,Educational Technology,8.92,"Communication, Educational Tools, Research, Presentation, Mentoring","Academic Writing Certification, Educational Technology",3.9,Research,Academic Instructor/Lecturer
M.Tech,Economics,Instructional Design,8.62,"Mentoring, Subject Expertise, Research, Teaching, Presentation, Educational Tools","Educational Technology, NET Qualification",7.2,Universities,Academic Instructor/Lecturer
M.Ed,Civil Engineering,Curriculum Design,7.85,"Curriculum Development, Teaching, Educational Tools, Communication, Mentoring","Research Methodology, Coursera Teaching Skills",7.1,Universities,Academic Instructor/Lecturer
M.Ed,Mechanical Engineering,Higher Education,7.09,"Presentation, Critical Thinking, Curriculum Development, Communication, Educational Tools",Research Methodology,7.9,Colleges,Academic Instructor/Lecturer
M.Ed,Biology,Educational Technology,8.29,"Research, Educational Tools, Curriculum Development, Communication","Research Methodology, Coursera Teaching Skills, NET Qualification",5.5,Colleges,Academic Instructor/Lecturer
M.Tech,Education,Research Methods,6.66,"Educational Tools, Teaching, Mentoring, Classroom Management, Presentation, Communication","NET Qualification, Educational Technology, Research Methodology",7.8,Education,Academic Instructor/Lecturer
M.Tech,Education,Instructional Design,7.72,"Mentoring, Subject Expertise, Research, Teaching, Classroom Management, Educational Tools",Coursera Teaching Skills,4.7,Colleges,Academic Instructor/Lecturer
M.Sc,Computer Science,Machine Learning,6.84,"Subject Expertise, Research, Educational Tools, Communication, Mentoring, Curriculum Development","Academic Writing Certification, Educational Technology",7.1,EdTech,Academic Instructor/Lecturer
M.Tech,Electrical Engineering,Higher Education,7.37,"Mentoring, Teaching, Subject Expertise, Educational Tools, Curriculum Development, Critical Thinking, Presentation","Educational Technology, Research Methodology",0.5,Colleges,Academic Instructor/Lecturer
PhD,Economics,Instructional Design,9.33,"Critical Thinking, Presentation, Curriculum Development, Classroom Management","NET Qualification, Teaching Certification, Coursera Teaching Skills",8.6,EdTech,Academic Instructor/Lecturer
M.Tech,Physics,Research Methods,7.61,"Communication, Curriculum Development, Teaching, Mentoring, Research, Critical Thinking","Coursera Teaching Skills, Academic Writing Certification",0.1,EdTech,Academic Instructor/Lecturer
B.Tech,Electrical Engineering,Instructional Design,8.01,"Critical Thinking, Presentation, Educational Tools, Classroom Management, Mentoring, Research",NET Qualification,5.5,EdTech,Academic Instructor/Lecturer
M.Tech,Information Technology,Teaching,8.93,"Educational Tools, Mentoring, Presentation, Research, Communication, Curriculum Development, Subject Expertise","Educational Technology, Coursera Teaching Skills, NET Qualification",5.6,Colleges,Academic Instructor/Lecturer
B.Ed,Mechanical Engineering,Academic Writing,9.5,"Curriculum Development, Communication, Educational Tools, Research",Academic Writing Certification,9.4,Colleges,Academic Instructor/Lecturer
PhD,Business Administration,Machine Learning,8.61,"Communication, Subject Expertise, Presentation, Teaching, Mentoring, Classroom Management, Educational Tools","Educational Technology, Academic Writing Certification",0.1,Universities,Academic Instructor/Lecturer
B.Sc,Psychology,Curriculum Design,7.28,"Subject Expertise, Communication, Educational Tools, Classroom Management, Research, Mentoring, Presentation","Coursera Teaching Skills, Educational Technology, NET Qualification",1.0,Universities,Academic Instructor/Lecturer
M.Sc,Business Administration,Instructional Design,7.54,"Teaching, Critical Thinking, Subject Expertise, Presentation, Communication, Mentoring","Research Methodology, Teaching Certification, Coursera Teaching Skills",8.2,Colleges,Academic Instructor/Lecturer
B.Ed,Information Technology,Instructional Design,9.8,"Mentoring, Educational Tools, Presentation, Research, Teaching, Curriculum Development, Critical Thinking","Academic Writing Certification, NET Qualification",4.9,EdTech,Academic Instructor/Lecturer
M.Tech,Business Administration,Instructional Design,6.91,"Mentoring, Subject Expertise, Research, Presentation","Teaching Certification, NET Qualification",9.4,Colleges,Academic Instructor/Lecturer
B.Ed,Sociology,Teaching,9.38,"Research, Educational Tools, Classroom Management, Critical Thinking, Communication, Subject Expertise","Research Methodology, Educational Technology, NET Qualification",0.1,Colleges,Academic Instructor/Lecturer
B.Ed,Chemistry,Teaching,9.01,"Teaching, Mentoring, Educational Tools, Curriculum Development, Classroom Management, Subject Expertise, Presentation","Educational Technology, Teaching Certification",7.3,Colleges,Academic Instructor/Lecturer
B.Sc,Business Administration,Higher Education,6.97,"Teaching, Research, Classroom Management, Presentation, Curriculum Development, Critical Thinking, Mentoring","NET Qualification, Research Methodology",0.1,Training Institutes,Academic Instructor/Lecturer
M.Tech,Biology,Research Methods,9.52,"Research, Mentoring, Educational Tools, Presentation, Communication, Critical Thinking, Classroom Management","Teaching Certification, Educational Technology",1.4,Research,Academic Instructor/Lecturer
M.Ed,Computer Science,Curriculum Design,8.48,"Mentoring, Educational Tools, Subject Expertise, Curriculum Development, Presentation, Critical Thinking, Communication","Research Methodology, Academic Writing Certification",8.1,EdTech,Academic Instructor/Lecturer
B.Tech,Psychology,Higher Education,6.8,"Subject Expertise, Research, Mentoring, Classroom Management","NET Qualification, Educational Technology, Teaching Certification",4.2,Research,Academic Instructor/Lecturer
M.Tech,Sociology,Teaching,7.91,"Subject Expertise, Mentoring, Educational Tools, Teaching, Research, Classroom Management, Critical Thinking","NET Qualification, Teaching Certification",3.1,Research,Academic Instructor/Lecturer
M.Tech,Education,Research Methods,7.3,"Teaching, Critical Thinking, Mentoring, Curriculum Development, Classroom Management, Presentation, Research","Educational Technology, Teaching Certification",7.3,Education,Academic Instructor/Lecturer
B.Tech,English,Academic Writing,9.93,"Educational Tools, Communication, Subject Expertise, Critical Thinking",NET Qualification,8.6,Training Institutes,Academic Instructor/Lecturer
B.Tech,Artificial Intelligence,Research Methods,8.32,"Subject Expertise, Critical Thinking, Teaching, Presentation, Research, Communication",Coursera Teaching Skills,9.9,EdTech,Academic Instructor/Lecturer
M.Sc,Sociology,Curriculum Design,9.82,"Subject Expertise, Educational Tools, Critical Thinking, Mentoring, Classroom Management, Curriculum Development, Teaching","Research Methodology, NET Qualification, Teaching Certification",9.8,Universities,Academic Instructor/Lecturer
B.Ed,Chemistry,Machine Learning,7.51,"Research, Teaching, Communication, Curriculum Development","Coursera Teaching Skills, Research Methodology, Educational Technology",8.1,Colleges,Academic Instructor/Lecturer
B.Sc,Education,Curriculum Design,9.28,"Educational Tools, Classroom Management, Critical Thinking, Communication, Teaching, Subject Expertise, Presentation","Teaching Certification, Academic Writing Certification",8.0,Colleges,Academic Instructor/Lecturer
PhD,Mathematics,Educational Technology,7.71,"Educational Tools, Presentation, Communication, Teaching, Classroom Management, Subject Expertise","NET Qualification, Coursera Teaching Skills, Teaching Certification",5.8,Training Institutes,Academic Instructor/Lecturer
PhD,Electrical Engineering,Academic Writing,6.91,"Educational Tools, Curriculum Development, Research, Subject Expertise, Classroom Management, Communication, Mentoring","Educational Technology, Coursera Teaching Skills, Teaching Certification",3.9,Universities,Academic Instructor/Lecturer
M.Tech,Chemistry,Educational Technology,6.94,"Teaching, Curriculum Development, Research, Presentation, Classroom Management","Teaching Certification, NET Qualification",4.7,Universities,Academic Instructor/Lecturer
B.Ed,Mathematics,Higher Education,9.92,"Critical Thinking, Educational Tools, Presentation, Curriculum Development",NET Qualification,4.8,Education,Academic Instructor/Lecturer
B.Sc,Electrical Engineering,Curriculum Design,8.82,"Classroom Management, Subject Expertise, Research, Teaching, Presentation, Mentoring, Communication",Educational Technology,3.6,Training Institutes,Academic Instructor/Lecturer
B.Sc,Civil Engineering,Curriculum Design,9.06,"Critical Thinking, Mentoring, Research, Subject Expertise, Classroom Management","Academic Writing Certification, Educational Technology, Coursera Teaching Skills",8.5,Research,Academic Instructor/Lecturer
M.Tech,Education,Curriculum Design,6.58,"Critical Thinking, Classroom Management, Presentation, Mentoring, Subject Expertise, Educational Tools","Research Methodology, Academic Writing Certification",8.9,Training Institutes,Academic Instructor/Lecturer
PhD,Economics,Machine Learning,9.25,"Curriculum Development, Communication, Mentoring, Teaching, Presentation","NET Qualification, Academic Writing Certification",3.7,Universities,Academic Instructor/Lecturer
M.Ed,Business Administration,Curriculum Design,6.69,"Educational Tools, Classroom Management, Research, Presentation","NET Qualification, Coursera Teaching Skills",5.8,Universities,Academic Instructor/Lecturer
PhD,Chemistry,Higher Education,7.63,"Educational Tools, Mentoring, Presentation, Research, Curriculum Development, Classroom Management","Academic Writing Certification, Coursera Teaching Skills, Educational Technology",4.0,Training Institutes,Academic Instructor/Lecturer
PhD,Civil Engineering,Higher Education,6.78,"Classroom Management, Communication, Curriculum Development, Research","Coursera Teaching Skills, NET Qualification",8.5,Colleges,Academic Instructor/Lecturer
B.Tech,English,Academic Writing,6.66,"Research, Critical Thinking, Classroom Management, Teaching, Subject Expertise, Presentation",Research Methodology,9.3,Universities,Academic Instructor/Lecturer
M.Sc,Economics,Instructional Design,6.57,"Presentation, Curriculum Development, Communication, Critical Thinking, Teaching, Classroom Management, Subject Expertise","Research Methodology, Coursera Teaching Skills, Teaching Certification",9.6,Universities,Academic Instructor/Lecturer
M.Sc,Mathematics,Higher Education,8.44,"Educational Tools, Presentation, Research, Critical Thinking, Teaching","Research Methodology, NET Qualification",4.6,Training Institutes,Academic Instructor/Lecturer
B.Ed,Psychology,Teaching,6.57,"Mentoring, Research, Presentation, Communication, Educational Tools, Subject Expertise, Critical Thinking",Academic Writing Certification,8.4,EdTech,Academic Instructor/Lecturer
PhD,Artificial Intelligence,Higher Education,9.44,"Subject Expertise, Teaching, Mentoring, Curriculum Development, Educational Tools, Presentation, Research","Academic Writing Certification, Research Methodology",8.7,Colleges,Academic Instructor/Lecturer
M.Tech,Chemistry,Machine Learning,6.96,"Mentoring, Curriculum Development, Communication, Subject Expertise, Critical Thinking, Presentation, Classroom Management","NET Qualification, Academic Writing Certification",5.1,EdTech,Academic Instructor/Lecturer
M.Ed,Business Administration,Curriculum Design,9.51,"Educational Tools, Research, Curriculum Development, Presentation, Classroom Management, Teaching","Coursera Teaching Skills, NET Qualification",7.7,Education,Academic Instructor/Lecturer
M.Tech,Artificial Intelligence,Curriculum Design,7.1,"Subject Expertise, Teaching, Curriculum Development, Mentoring, Presentation, Classroom Management",Academic Writing Certification,0.1,Colleges,Academic Instructor/Lecturer
M.Sc,Biology,Curriculum Design,9.47,"Research, Educational Tools, Curriculum Development, Critical Thinking","Teaching Certification, Coursera Teaching Skills, Educational Technology",0.1,Universities,Academic Instructor/Lecturer
M.Ed,Mathematics,Academic Writing,7.86,"Classroom Management, Communication, Teaching, Critical Thinking, Mentoring","NET Qualification, Teaching Certification",3.7,EdTech,Academic Instructor/Lecturer
PhD,Psychology,Curriculum Design,6.58,"Presentation, Teaching, Classroom Management, Research, Subject Expertise","Teaching Certification, NET Qualification, Educational Technology",4.8,Colleges,Academic Instructor/Lecturer
PhD,English,Higher Education,6.66,"Subject Expertise, Curriculum Development, Mentoring, Classroom Management, Educational Tools, Critical Thinking","Research Methodology, Coursera Teaching Skills, Academic Writing Certification",1.7,Universities,Academic Instructor/Lecturer
M.Tech,Electronics,Curriculum Design,6.74,"Critical Thinking, Teaching, Presentation, Subject Expertise","NET Qualification, Research Methodology, Academic Writing Certification",3.1,Training Institutes,Academic Instructor/Lecturer
M.Ed,Artificial Intelligence,Educational Technology,9.82,"Classroom Management, Research, Educational Tools, Mentoring, Communication, Critical Thinking, Presentation","Educational Technology, Research Methodology",2.0,Colleges,Academic Instructor/Lecturer
B.Tech,Data Science,Research Methods,7.03,"Mentoring, Teaching, Subject Expertise, Communication, Classroom Management","Academic Writing Certification, Teaching Certification",0.2,Universities,Academic Instructor/Lecturer
PhD,Biology,Academic Writing,7.03,"Critical Thinking, Communication, Classroom Management, Mentoring, Research, Curriculum Development",Academic Writing Certification,6.1,EdTech,Academic Instructor/Lecturer
M.Ed,Electronics,Curriculum Design,6.55,"Curriculum Development, Teaching, Classroom Management, Subject Expertise, Critical Thinking, Mentoring","NET Qualification, Academic Writing Certification",6.1,Training Institutes,Academic Instructor/Lecturer
M.Ed,Physics,Teaching,9.23,"Teaching, Educational Tools, Curriculum Development, Subject Expertise","Coursera Teaching Skills, Academic Writing Certification, Research Methodology",4.8,Education,Academic Instructor/Lecturer
M.Tech,Mathematics,Curriculum Design,8.1,"Mentoring, Subject Expertise, Critical Thinking, Teaching, Presentation, Curriculum Development, Research","Academic Writing Certification, Research Methodology",8.6,Colleges,Academic Instructor/Lecturer
B.Ed,Biology,Educational Technology,7.15,"Educational Tools, Classroom Management, Critical Thinking, Curriculum Development","Teaching Certification, Academic Writing Certification, Research Methodology",9.0,Universities,Academic Instructor/Lecturer
B.Tech,English,Research Methods,9.74,"Educational Tools, Critical Thinking, Curriculum Development, Teaching, Presentation, Research, Subject Expertise",Research Methodology,1.0,Research,Academic Instructor/Lecturer
B.Tech,Education,Instructional Design,8.06,"Teaching, Educational Tools, Research, Critical Thinking, Subject Expertise, Mentoring, Curriculum Development",Research Methodology,9.9,Education,Academic Instructor/Lecturer
B.Ed,Information Technology,Teaching,9.99,"Teaching, Subject Expertise, Communication, Critical Thinking, Research, Presentation, Educational Tools",Educational Technology,0.6,Universities,Academic Instructor/Lecturer
M.Tech,Education,Instructional Design,9.03,"Subject Expertise, Mentoring, Communication, Classroom Management","Academic Writing Certification, Teaching Certification, Educational Technology",4.4,Universities,Academic Instructor/Lecturer
PhD,Computer Science,Instructional Design,8.81,"Critical Thinking, Subject Expertise, Curriculum Development, Educational Tools",Teaching Certification,7.5,Universities,Academic Instructor/Lecturer
M.Tech,Business Administration,Research Methods,9.64,"Educational Tools, Presentation, Mentoring, Research, Communication","Coursera Teaching Skills, NET Qualification, Educational Technology",4.1,Training Institutes,Academic Instructor/Lecturer
B.Sc,Biology,Machine Learning,9.14,"Curriculum Development, Critical Thinking, Teaching, Classroom Management, Communication, Research, Educational Tools","Academic Writing Certification, NET Qualification",9.4,EdTech,Academic Instructor/Lecturer
B.Tech,Education,Higher Education,6.6,"Presentation, Subject Expertise, Curriculum Development, Communication, Mentoring, Research",NET Qualification,0.6,EdTech,Academic Instructor/Lecturer
M.Tech,Civil Engineering,Curriculum Design,9.55,"Teaching, Communication, Classroom Management, Educational Tools, Mentoring, Critical Thinking, Research","Coursera Teaching Skills, Academic Writing Certification, NET Qualification",4.7,EdTech,Academic Instructor/Lecturer
M.Tech,Physics,Teaching,9.73,"Subject Expertise, Critical Thinking, Presentation, Communication","Teaching Certification, Coursera Teaching Skills, NET Qualification",8.1,Colleges,Academic Instructor/Lecturer
B.Ed,Civil Engineering,Academic Writing,6.54,"Communication, Educational Tools, Subject Expertise, Mentoring","Educational Technology, Teaching Certification",5.3,Education,Academic Instructor/Lecturer
B.Sc,Information Technology,Instructional Design,9.35,"Educational Tools, Presentation, Subject Expertise, Communication, Research, Critical Thinking, Classroom Management","Educational Technology, Academic Writing Certification, Coursera Teaching Skills",9.6,Colleges,Academic Instructor/Lecturer
B.Tech,Mathematics,Academic Writing,7.31,"Mentoring, Classroom Management, Educational Tools, Teaching","Research Methodology, NET Qualification",4.2,Training Institutes,Academic Instructor/Lecturer
M.Sc,Education,Educational Technology,7.83,"Research, Subject Expertise, Teaching, Mentoring, Educational Tools, Curriculum Development","Teaching Certification, NET Qualification",3.6,Universities,Academic Instructor/Lecturer
B.Tech,Artificial Intelligence,Higher Education,9.27,"Curriculum Development, Classroom Management, Communication, Mentoring","Research Methodology, Coursera Teaching Skills",9.0,EdTech,Academic Instructor/Lecturer
PhD,Education,Research Methods,7.71,"Teaching, Classroom Management, Communication, Subject Expertise, Presentation, Critical Thinking, Mentoring",Academic Writing Certification,8.0,Universities,Academic Instructor/Lecturer
B.Sc,Physics,Educational Technology,6.71,"Presentation, Critical Thinking, Educational Tools, Classroom Management, Mentoring","Academic Writing Certification, Teaching Certification",5.0,Education,Academic Instructor/Lecturer
M.Ed,Sociology,Machine Learning,9.26,"Curriculum Development, Research, Critical Thinking, Classroom Management, Presentation, Educational Tools, Teaching","Coursera Teaching Skills, Research Methodology",3.8,EdTech,Academic Instructor/Lecturer
PhD,Computer Science,Higher Education,8.14,"Critical Thinking, Subject Expertise, Presentation, Educational Tools","Coursera Teaching Skills, NET Qualification, Academic Writing Certification",9.6,Universities,Academic Instructor/Lecturer
B.Ed,Sociology,Teaching,9.5,"Educational Tools, Mentoring, Research, Presentation","Educational Technology, Academic Writing Certification, Coursera Teaching Skills",2.0,Colleges,Academic Instructor/Lecturer
B.Ed,Mathematics,Higher Education,7.84,"Communication, Teaching, Classroom Management, Educational Tools, Mentoring","NET Qualification, Research Methodology",6.2,Research,Academic Instructor/Lecturer
M.Tech,Civil Engineering,Machine Learning,9.42,"Research, Teaching, Communication, Educational Tools, Presentation, Classroom Management, Mentoring","NET Qualification, Research Methodology, Educational Technology",9.9,EdTech,Academic Instructor/Lecturer
B.Tech,Electrical Engineering,Research Methods,9.98,"Educational Tools, Curriculum Development, Presentation, Critical Thinking, Classroom Management",Academic Writing Certification,7.6,Universities,Academic Instructor/Lecturer
M.Tech,Psychology,Higher Education,8.19,"Critical Thinking, Research, Mentoring, Curriculum Development, Educational Tools, Teaching, Classroom Management","NET Qualification, Teaching Certification, Research Methodology",3.5,Universities,Academic Instructor/Lecturer
B.Sc,Mathematics,Teaching,6.93,"Educational Tools, Critical Thinking, Classroom Management, Curriculum Development, Communication, Research, Subject Expertise","Teaching Certification, Coursera Teaching Skills, Research Methodology",8.8,Research,Academic Instructor/Lecturer
M.Ed,Chemistry,Curriculum Design,9.16,"Subject Expertise, Educational Tools, Classroom Management, Research, Mentoring",NET Qualification,4.6,Research,Academic Instructor/Lecturer
M.Sc,Artificial Intelligence,Machine Learning,8.14,"Critical Thinking, Subject Expertise, Teaching, Classroom Management","NET Qualification, Teaching Certification, Coursera Teaching Skills",4.3,Research,Academic Instructor/Lecturer
B.Ed,Business Administration,Teaching,6.78,"Research, Curriculum Development, Educational Tools, Subject Expertise, Presentation, Teaching, Critical Thinking",Coursera Teaching Skills,3.7,Education,Academic Instructor/Lecturer
B.Sc,English,Academic Writing,7.66,"Subject Expertise, Mentoring, Communication, Educational Tools, Teaching",Research Methodology,2.3,Education,Academic Instructor/Lecturer
B.Sc,Electronics,Higher Education,7.0,"Research, Curriculum Development, Critical Thinking, Teaching, Subject Expertise, Presentation","Research Methodology, Teaching Certification, Coursera Teaching Skills",9.0,Colleges,Academic Instructor/Lecturer
B.Sc,Civil Engineering,Teaching,6.84,"Educational Tools, Critical Thinking, Teaching, Communication","Coursera Teaching Skills, Educational Technology",0.2,Colleges,Academic Instructor/Lecturer
M.Ed,Electronics,Research Methods,9.49,"Subject Expertise, Teaching, Communication, Curriculum Development, Educational Tools",Research Methodology,9.4,Research,Academic Instructor/Lecturer
B.Sc,Electrical Engineering,Academic Writing,9.07,"Teaching, Educational Tools, Mentoring, Communication, Critical Thinking, Classroom Management","Teaching Certification, Academic Writing Certification, Educational Technology",1.1,Universities,Academic Instructor/Lecturer
B.Ed,Biology,Teaching,7.64,"Teaching, Classroom Management, Research, Subject Expertise","Coursera Teaching Skills, Academic Writing Certification",8.8,Universities,Academic Instructor/Lecturer
M.Tech,Business Administration,Higher Education,9.59,"Mentoring, Presentation, Critical Thinking, Research, Curriculum Development, Subject Expertise",Coursera Teaching Skills,9.0,Universities,Academic Instructor/Lecturer
M.Tech,Electrical Engineering,Curriculum Design,8.05,"Curriculum Development, Critical Thinking, Classroom Management, Subject Expertise, Educational Tools",Research Methodology,9.7,Universities,Academic Instructor/Lecturer
M.Tech,Mechanical Engineering,Research Methods,9.83,"Curriculum Development, Critical Thinking, Research, Communication, Subject Expertise, Teaching, Classroom Management",Research Methodology,0.0,Training Institutes,Academic Instructor/Lecturer
M.Sc,Biology,Research Methods,9.98,"Subject Expertise, Teaching, Research, Educational Tools, Curriculum Development","Educational Technology, Research Methodology, NET Qualification",9.5,EdTech,Academic Instructor/Lecturer
M.Tech,Economics,Higher Education,9.69,"Communication, Research, Educational Tools, Subject Expertise, Teaching, Mentoring, Classroom Management","NET Qualification, Teaching Certification",5.9,EdTech,Academic Instructor/Lecturer
PhD,Electronics,Teaching,6.87,"Mentoring, Presentation, Subject Expertise, Critical Thinking, Teaching","Teaching Certification, Research Methodology",5.3,Education,Academic Instructor/Lecturer
M.Ed,Information Technology,Instructional Design,7.67,"Classroom Management, Communication, Mentoring, Curriculum Development, Presentation, Research",Research Methodology,5.5,Education,Academic Instructor/Lecturer
PhD,Chemistry,Educational Technology,9.52,"Presentation, Communication, Research, Educational Tools, Classroom Management, Curriculum Development, Critical Thinking",Coursera Teaching Skills,7.2,Universities,Academic Instructor/Lecturer
PhD,Biology,Machine Learning,7.89,"Communication, Teaching, Research, Critical Thinking, Presentation",Teaching Certification,8.8,Universities,Academic Instructor/Lecturer
B.Tech,Civil Engineering,Machine Learning,9.17,"Teaching, Classroom Management, Critical Thinking, Subject Expertise, Mentoring, Curriculum Development, Research",Research Methodology,9.9,EdTech,Academic Instructor/Lecturer
B.Tech,Psychology,Research Methods,7.5,"Subject Expertise, Classroom Management, Curriculum Development, Research","NET Qualification, Research Methodology, Educational Technology",7.0,EdTech,Academic Instructor/Lecturer
M.Sc,Mathematics,Academic Writing,9.23,"Curriculum Development, Mentoring, Educational Tools, Teaching, Communication, Research","Academic Writing Certification, Coursera Teaching Skills, Research Methodology",5.5,Colleges,Academic Instructor/Lecturer
B.Tech,Electronics,Instructional Design,9.19,"Teaching, Mentoring, Presentation, Educational Tools, Research","Educational Technology, NET Qualification, Research Methodology",1.4,Education,Academic Instructor/Lecturer
B.Sc,Computer Science,Instructional Design,8.66,"Curriculum Development, Mentoring, Classroom Management, Subject Expertise, Critical Thinking, Teaching",Research Methodology,7.0,Universities,Academic Instructor/Lecturer
B.Tech,English,Research Methods,7.59,"Educational Tools, Presentation, Classroom Management, Research, Curriculum Development, Critical Thinking","Coursera Teaching Skills, NET Qualification",1.3,Research,Academic Instructor/Lecturer
PhD,Data Science,Research Methods,8.7,"Critical Thinking, Mentoring, Research, Educational Tools, Communication, Subject Expertise",Coursera Teaching Skills,9.4,Training Institutes,Academic Instructor/Lecturer
M.Ed,Psychology,Educational Technology,6.8,"Subject Expertise, Communication, Educational Tools, Mentoring, Critical Thinking, Research","Educational Technology, Academic Writing Certification, Research Methodology",1.2,Research,Academic Instructor/Lecturer
M.Tech,Economics,Machine Learning,7.8,"Communication, Subject Expertise, Curriculum Development, Educational Tools, Mentoring, Teaching, Classroom Management","Teaching Certification, Research Methodology",0.3,EdTech,Academic Instructor/Lecturer
M.Sc,Mathematics,Teaching,7.73,"Educational Tools, Critical Thinking, Research, Mentoring","NET Qualification, Educational Technology, Coursera Teaching Skills",3.5,Universities,Academic Instructor/Lecturer
B.Ed,Civil Engineering,Curriculum Design,8.11,"Educational Tools, Research, Mentoring, Presentation, Communication, Classroom Management, Teaching",Teaching Certification,5.9,EdTech,Academic Instructor/Lecturer
B.Sc,Civil Engineering,Research Methods,7.69,"Presentation, Curriculum Development, Educational Tools, Subject Expertise, Teaching","Coursera Teaching Skills, Teaching Certification",3.9,Colleges,Academic Instructor/Lecturer
B.Tech,Chemistry,Research Methods,6.88,"Research, Curriculum Development, Subject Expertise, Presentation, Mentoring","NET Qualification, Academic Writing Certification, Educational Technology",0.3,Education,Academic Instructor/Lecturer
B.Tech,Business Administration,Teaching,6.79,"Communication, Research, Teaching, Critical Thinking, Mentoring","NET Qualification, Educational Technology, Teaching Certification",0.1,Universities,Academic Instructor/Lecturer
B.Sc,Civil Engineering,Machine Learning,9.89,"Presentation, Curriculum Development, Teaching, Subject Expertise, Educational Tools, Critical Thinking",Teaching Certification,9.9,Research,Academic Instructor/Lecturer
PhD,Mechanical Engineering,Teaching,9.84,"Subject Expertise, Curriculum Development, Classroom Management, Communication, Mentoring, Presentation",Coursera Teaching Skills,7.9,Education,Academic Instructor/Lecturer
B.Sc,Psychology,Curriculum Design,6.66,"Presentation, Classroom Management, Critical Thinking, Mentoring","Research Methodology, Coursera Teaching Skills",3.1,Training Institutes,Academic Instructor/Lecturer
PhD,Physics,Higher Education,8.96,"Subject Expertise, Research, Educational Tools, Mentoring","Research Methodology, Teaching Certification",6.4,Universities,Academic Instructor/Lecturer
M.Ed,Information Technology,Teaching,7.45,"Communication, Educational Tools, Curriculum Development, Presentation, Research, Classroom Management","Educational Technology, NET Qualification, Teaching Certification",3.3,EdTech,Academic Instructor/Lecturer
B.Sc,Electronics,Machine Learning,7.55,"Subject Expertise, Research, Mentoring, Communication, Presentation","Research Methodology, Educational Technology, NET Qualification",6.8,Colleges,Academic Instructor/Lecturer
M.Ed,Psychology,Research Methods,7.92,"Subject Expertise, Critical Thinking, Presentation, Classroom Management, Mentoring",Research Methodology,8.6,Research,Academic Instructor/Lecturer
M.Ed,Economics,Teaching,9.49,"Communication, Mentoring, Critical Thinking, Presentation, Curriculum Development, Educational Tools, Classroom Management","Teaching Certification, NET Qualification",5.8,Universities,Academic Instructor/Lecturer
M.Tech,Information Technology,Machine Learning,6.93,"Presentation, Educational Tools, Research, Communication, Mentoring, Teaching","NET Qualification, Teaching Certification, Academic Writing Certification",5.0,Education,Academic Instructor/Lecturer
B.Tech,English,Academic Writing,9.55,"Presentation, Classroom Management, Communication, Teaching",Coursera Teaching Skills,8.7,EdTech,Academic Instructor/Lecturer
B.Tech,Physics,Teaching,8.13,"Research, Communication, Mentoring, Educational Tools, Critical Thinking, Curriculum Development",Academic Writing Certification,8.6,Training Institutes,Academic Instructor/Lecturer
B.Sc,English,Teaching,6.97,"Research, Teaching, Critical Thinking, Curriculum Development, Educational Tools, Subject Expertise, Classroom Management","Academic Writing Certification, Coursera Teaching Skills, Teaching Certification",6.1,EdTech,Academic Instructor/Lecturer
B.Sc,Electrical Engineering,Educational Technology,8.71,"Educational Tools, Critical Thinking, Classroom Management, Communication, Teaching, Curriculum Development","Academic Writing Certification, NET Qualification",4.6,Colleges,Academic Instructor/Lecturer
M.Ed,English,Curriculum Design,9.02,"Research, Presentation, Communication, Critical Thinking, Curriculum Development","Research Methodology, Teaching Certification, Academic Writing Certification",2.4,EdTech,Academic Instructor/Lecturer
M.Ed,Biology,Higher Education,9.56,"Research, Mentoring, Critical Thinking, Teaching","NET Qualification, Coursera Teaching Skills",9.0,Education,Academic Instructor/Lecturer
B.Ed,Education,Instructional Design,6.79,"Presentation, Subject Expertise, Classroom Management, Research, Critical Thinking, Mentoring, Communication",NET Qualification,0.4,Education,Academic Instructor/Lecturer
M.Ed,Civil Engineering,Instructional Design,9.86,"Educational Tools, Critical Thinking, Mentoring, Research, Teaching, Classroom Management",NET Qualification,3.5,Colleges,Academic Instructor/Lecturer
B.Sc,Computer Science,Higher Education,6.8,"Subject Expertise, Teaching, Critical Thinking, Research, Classroom Management, Mentoring",NET Qualification,8.6,Research,Academic Instructor/Lecturer
